ProcessID,ProcessName,TotalRuns,Successful,Failed,AvgDuration,SLACompliancePct
1,InvoiceProcessing,9903,8967,837,3056.7990507926893,71.58436837322024
2,PayrollRun,9655,8737,817,6142.936820300362,71.71413775245986
3,OnboardingFlow,9842,8956,775,1524.3512497459865,71.77402966876652
4,ExpenseApproval,10233,8880,1243,1276.1321215674777,57.18753053845403
5,CustomerSync,10367,8890,1373,3246.2371949455,56.12038198128677
